file	selector	prop	value	dark_selector	dark_prop	dark_value	approver
styles/components/track/track.scss	.TrackHeader__WeaveBar	border	rgba(0, 0, 0, 0.04)	html[data-theme=dark] .TrackHeader__WeaveBar	border-color	rgba(255, 255, 255, 0.06)	HyeonSeong 2026-08-20
styles/components/track/track.scss	.TrackHeader__ViewBtn--active	box-shadow	rgba(0, 0, 0, 0.06)	html[data-theme=dark] .TrackHeader__ViewBtn--active	box-shadow	rgba(0, 0, 0, 0.06)	HyeonSeong 2026-08-20
styles/components/track/track.scss	.TrackHeader__ViewBtn--active	box-shadow	rgba(0, 0, 0, 0.03)	html[data-theme=dark] .TrackHeader__ViewBtn--active	box-shadow	rgba(0, 0, 0, 0.06)	HyeonSeong 2026-08-20
styles/components/track/track.scss	.SourcePicker__BranchRow:hover	background	rgba(0, 0, 0, 0.03)	html[data-theme=dark] .SourcePicker__BranchRow:hover	background	rgba(255, 255, 255, 0.04)	HyeonSeong 2026-08-20
styles/components/track/track.scss	.SourcePicker__Group	border-left	rgba(0, 0, 0, 0.08)	html[data-theme=dark] .SourcePicker__Group	border-left-color	rgba(255, 255, 255, 0.1)	HyeonSeong 2026-08-20
styles/components/track/track.scss	.SourcePicker__GroupRow:hover	background	rgba(0, 0, 0, 0.03)	html[data-theme=dark] .SourcePicker__GroupRow:hover	background	rgba(255, 255, 255, 0.04)	HyeonSeong 2026-08-20
styles/components/track/track.scss	.TrackEdgeLabel__Badge--draft	box-shadow	rgba(0, 0, 0, 0.12)	html[data-theme=dark] .TrackEdgeLabel__Badge--draft	box-shadow	rgba(255, 255, 255, 0.22)	HyeonSeong 2026-08-20
styles/components/track/track.scss	.TrackEdgeLabel__Badge--draft	box-shadow	rgba(0, 0, 0, 0.06)	html[data-theme=dark] .TrackEdgeLabel__Badge--draft	box-shadow	rgba(0, 0, 0, 0.06)	HyeonSeong 2026-08-20
styles/components/track/track.scss	.TrackEdgeLabel__Badge--rel	box-shadow	rgba(0, 0, 0, 0.12)	html[data-theme=dark] .TrackEdgeLabel__Badge--rel	box-shadow	rgba(255, 255, 255, 0.22)	HyeonSeong 2026-08-20
styles/components/track/track.scss	.TrackEdgeLabel__Badge--rel	box-shadow	rgba(0, 0, 0, 0.06)	html[data-theme=dark] .TrackEdgeLabel__Badge--rel	box-shadow	rgba(0, 0, 0, 0.06)	HyeonSeong 2026-08-20
styles/components/track/track.scss	.TrackDetail__OriginLink	background	rgba(0, 0, 0, 0.03)	html[data-theme=dark] .TrackDetail__OriginLink	background	rgba(255, 255, 255, 0.04)	HyeonSeong 2026-08-20
styles/components/track/track.scss	.SourcePicker__AddBtn:hover	background	rgba(0, 0, 0, 0.04)	html[data-theme=dark] .SourcePicker__AddBtn:hover	background	rgba(255, 255, 255, 0.05)	HyeonSeong 2026-08-20
styles/components/track/track.scss	.TrackTimeline__LaneGroupCount	background	rgba(0, 0, 0, 0.04)	html[data-theme=dark] .TrackTimeline__LaneGroupCount	background	rgba(255, 255, 255, 0.05)	HyeonSeong 2026-08-20
styles/components/track/track.scss	.TrackTimeline__LaneRow:hover	background	rgba(0, 0, 0, 0.02)	html[data-theme=dark] .TrackTimeline__LaneRow:hover	background	rgba(255, 255, 255, 0.03)	HyeonSeong 2026-08-20
styles/components/track/track.scss	.TrackTimeline__Links	color	rgba(107, 114, 128, 0.55)	html[data-theme=dark] .TrackTimeline__Links	color	rgba(148, 157, 173, 0.72)	HyeonSeong 2026-08-20
styles/components/track/track.scss	.TrackTimeline__Link	stroke	rgba(107, 114, 128, 0.45)	html[data-theme=dark] .TrackTimeline__Link	stroke	rgba(148, 157, 173, 0.62)	HyeonSeong 2026-08-20
styles/components/track/track.scss	.TrackTimeline__Link	color	rgba(107, 114, 128, 0.55)	html[data-theme=dark] .TrackTimeline__Link	color	rgba(148, 157, 173, 0.72)	HyeonSeong 2026-08-20
styles/components/track/track.scss	.TrackTimeline__Link--mat	stroke	rgba(94, 106, 210, 0.55)	html[data-theme=dark] .TrackTimeline__Link--mat	stroke	rgba(124, 138, 234, 0.75)	HyeonSeong 2026-08-20
styles/components/track/track.scss	.TrackTimeline__Link--mat	color	rgba(94, 106, 210, 0.7)	html[data-theme=dark] .TrackTimeline__Link--mat	color	rgba(124, 138, 234, 0.85)	HyeonSeong 2026-08-20
styles/components/track/track.scss	.TrackTimeline__Link--rel	stroke	rgba(156, 163, 175, 0.45)	html[data-theme=dark] .TrackTimeline__Link--rel	stroke	rgba(148, 157, 173, 0.62)	HyeonSeong 2026-08-20
styles/components/track/track.scss	.TrackTimeline__Link--rel	color	rgba(156, 163, 175, 0.55)	html[data-theme=dark] .TrackTimeline__Link--rel	color	rgba(148, 157, 173, 0.72)	HyeonSeong 2026-08-20
styles/components/track/track.scss	.BulkAdd	box-shadow	rgba(0, 0, 0, 0.28)	html[data-theme=dark] .BulkAdd	box-shadow	rgba(0, 0, 0, 0.75)	HyeonSeong 2026-08-20
styles/components/track/track.scss	.BulkAdd	box-shadow	rgba(0, 0, 0, 0.06)	html[data-theme=dark] .BulkAdd	box-shadow	rgba(0, 0, 0, 0.5)	HyeonSeong 2026-08-20
styles/components/track/track.scss	html[data-theme=dark] .TrackTimeline__Links	color	rgba(148, 157, 173, 0.72)	html[data-theme=dark] .TrackTimeline__Links	color	rgba(148, 157, 173, 0.72)	HyeonSeong 2026-08-20
styles/components/track/track.scss	html[data-theme=dark] .TrackTimeline__Link	stroke	rgba(148, 157, 173, 0.62)	html[data-theme=dark] .TrackTimeline__Link	stroke	rgba(148, 157, 173, 0.62)	HyeonSeong 2026-08-20
styles/components/track/track.scss	html[data-theme=dark] .TrackTimeline__Link	color	rgba(148, 157, 173, 0.72)	html[data-theme=dark] .TrackTimeline__Link	color	rgba(148, 157, 173, 0.72)	HyeonSeong 2026-08-20
styles/components/track/track.scss	html[data-theme=dark] .TrackTimeline__Link--mat	stroke	rgba(124, 138, 234, 0.75)	html[data-theme=dark] .TrackTimeline__Link--mat	stroke	rgba(124, 138, 234, 0.75)	HyeonSeong 2026-08-20
styles/components/track/track.scss	html[data-theme=dark] .TrackTimeline__Link--mat	color	rgba(124, 138, 234, 0.85)	html[data-theme=dark] .TrackTimeline__Link--mat	color	rgba(124, 138, 234, 0.85)	HyeonSeong 2026-08-20
styles/components/track/track.scss	html[data-theme=dark] .TrackTimeline__Link--rel	stroke	rgba(148, 157, 173, 0.62)	html[data-theme=dark] .TrackTimeline__Link--rel	stroke	rgba(148, 157, 173, 0.62)	HyeonSeong 2026-08-20
styles/components/track/track.scss	html[data-theme=dark] .TrackTimeline__Link--rel	color	rgba(148, 157, 173, 0.72)	html[data-theme=dark] .TrackTimeline__Link--rel	color	rgba(148, 157, 173, 0.72)	HyeonSeong 2026-08-20
styles/components/track/track.scss	html[data-theme=dark] .BulkAdd	box-shadow	rgba(0, 0, 0, 0.75)	html[data-theme=dark] .BulkAdd	box-shadow	rgba(0, 0, 0, 0.75)	HyeonSeong 2026-08-20
styles/components/track/track.scss	html[data-theme=dark] .BulkAdd	box-shadow	rgba(0, 0, 0, 0.5)	html[data-theme=dark] .BulkAdd	box-shadow	rgba(0, 0, 0, 0.5)	HyeonSeong 2026-08-20
styles/components/track/track.scss	html[data-theme=dark] .TrackHeader__ViewBtn--active	box-shadow	rgba(0, 0, 0, 0.06)	html[data-theme=dark] .TrackHeader__ViewBtn--active	box-shadow	rgba(0, 0, 0, 0.06)	HyeonSeong 2026-08-20
styles/components/track/track.scss	html[data-theme=dark] .SourcePicker__Task:not(.SourcePicker__Task--used):hover	box-shadow	rgba(0, 0, 0, 0.04)	html[data-theme=dark] .SourcePicker__Task:not(.SourcePicker__Task--used):hover	box-shadow	rgba(0, 0, 0, 0.04)	HyeonSeong 2026-08-20
styles/components/track/track.scss	html[data-theme=dark] .SourcePicker__Task:not(.SourcePicker__Task--used):hover	box-shadow	rgba(255, 255, 255, 0.14)	html[data-theme=dark] .SourcePicker__Task:not(.SourcePicker__Task--used):hover	box-shadow	rgba(255, 255, 255, 0.14)	HyeonSeong 2026-08-20
styles/components/track/track.scss	html[data-theme=dark] .TrackEdgeLabel__Badge--draft	box-shadow	rgba(255, 255, 255, 0.22)	html[data-theme=dark] .TrackEdgeLabel__Badge--draft	box-shadow	rgba(255, 255, 255, 0.22)	HyeonSeong 2026-08-20
styles/components/track/track.scss	html[data-theme=dark] .TrackEdgeLabel__Badge--draft	box-shadow	rgba(0, 0, 0, 0.06)	html[data-theme=dark] .TrackEdgeLabel__Badge--draft	box-shadow	rgba(0, 0, 0, 0.06)	HyeonSeong 2026-08-20
styles/components/track/track.scss	html[data-theme=dark] .TrackEdgeLabel__Badge--rel	box-shadow	rgba(255, 255, 255, 0.22)	html[data-theme=dark] .TrackEdgeLabel__Badge--rel	box-shadow	rgba(255, 255, 255, 0.22)	HyeonSeong 2026-08-20
styles/components/track/track.scss	html[data-theme=dark] .TrackEdgeLabel__Badge--rel	box-shadow	rgba(0, 0, 0, 0.06)	html[data-theme=dark] .TrackEdgeLabel__Badge--rel	box-shadow	rgba(0, 0, 0, 0.06)	HyeonSeong 2026-08-20
styles/components/track/track.scss	html[data-theme=dark] .TrackNode--restricted	background	rgba(230, 232, 235, 0.07)	html[data-theme=dark] .TrackNode--restricted	background	rgba(230, 232, 235, 0.07)	HyeonSeong 2026-08-20
styles/components/track/track.scss	html[data-theme=dark] .TrackTree__Row--restricted	background	rgba(230, 232, 235, 0.07)	html[data-theme=dark] .TrackTree__Row--restricted	background	rgba(230, 232, 235, 0.07)	HyeonSeong 2026-08-20
styles/components/track/track.scss	html[data-theme=dark] .TrackHeader__WeaveBar	border-color	rgba(255, 255, 255, 0.06)	html[data-theme=dark] .TrackHeader__WeaveBar	border-color	rgba(255, 255, 255, 0.06)	HyeonSeong 2026-08-20
styles/components/track/track.scss	html[data-theme=dark] .SourcePicker__BranchRow:hover	background	rgba(255, 255, 255, 0.04)	html[data-theme=dark] .SourcePicker__BranchRow:hover	background	rgba(255, 255, 255, 0.04)	HyeonSeong 2026-08-20
styles/components/track/track.scss	html[data-theme=dark] .SourcePicker__Group	border-left-color	rgba(255, 255, 255, 0.1)	html[data-theme=dark] .SourcePicker__Group	border-left-color	rgba(255, 255, 255, 0.1)	HyeonSeong 2026-08-20
styles/components/track/track.scss	html[data-theme=dark] .SourcePicker__GroupRow:hover	background	rgba(255, 255, 255, 0.04)	html[data-theme=dark] .SourcePicker__GroupRow:hover	background	rgba(255, 255, 255, 0.04)	HyeonSeong 2026-08-20
styles/components/track/track.scss	html[data-theme=dark] .TrackDetail__OriginLink	background	rgba(255, 255, 255, 0.04)	html[data-theme=dark] .TrackDetail__OriginLink	background	rgba(255, 255, 255, 0.04)	HyeonSeong 2026-08-20
styles/components/track/track.scss	html[data-theme=dark] .SourcePicker__AddBtn:hover	background	rgba(255, 255, 255, 0.05)	html[data-theme=dark] .SourcePicker__AddBtn:hover	background	rgba(255, 255, 255, 0.05)	HyeonSeong 2026-08-20
styles/components/track/track.scss	html[data-theme=dark] .TrackTimeline__LaneGroupCount	background	rgba(255, 255, 255, 0.05)	html[data-theme=dark] .TrackTimeline__LaneGroupCount	background	rgba(255, 255, 255, 0.05)	HyeonSeong 2026-08-20
styles/components/track/track.scss	html[data-theme=dark] .TrackTimeline__LaneRow:hover	background	rgba(255, 255, 255, 0.03)	html[data-theme=dark] .TrackTimeline__LaneRow:hover	background	rgba(255, 255, 255, 0.03)	HyeonSeong 2026-08-20
styles/components/track/tracksIndex.scss	.CreateTrack	box-shadow	rgba(0, 0, 0, 0.28)	html[data-theme=dark] .CreateTrack	box-shadow	rgba(0, 0, 0, 0.75)	HyeonSeong 2026-08-20
styles/components/track/tracksIndex.scss	.CreateTrack	box-shadow	rgba(0, 0, 0, 0.06)	html[data-theme=dark] .CreateTrack	box-shadow	rgba(0, 0, 0, 0.5)	HyeonSeong 2026-08-20
styles/components/track/tracksIndex.scss	html[data-theme=dark] .CreateTrack	box-shadow	rgba(0, 0, 0, 0.75)	html[data-theme=dark] .CreateTrack	box-shadow	rgba(0, 0, 0, 0.75)	HyeonSeong 2026-08-20
styles/components/track/tracksIndex.scss	html[data-theme=dark] .CreateTrack	box-shadow	rgba(0, 0, 0, 0.5)	html[data-theme=dark] .CreateTrack	box-shadow	rgba(0, 0, 0, 0.5)	HyeonSeong 2026-08-20
